league,season,club,poss,mp,gls,ast,gls_p90,ast_p90,sh_p90,sot_pct,sot_p90,xG,xGA,xG_p90,xGA_p90
Premier League,2526,Arsenal,56.4,38,67,51,1.76,1.34,14.53,33.7,4.89,77.486613,33.1338052,2.039,0.872
Premier League,2526,Aston Villa,53.7,38,53,40,1.39,1.05,12.71,35.2,4.47,56.203311,56.682839,1.479,1.492
Premier League,2526,Bournemouth,50.1,38,57,35,1.5,0.92,13.84,33.8,4.68,66.834552,56.769789,1.759,1.494
Premier League,2526,Brentford,47.5,38,53,33,1.39,0.87,10.66,36.3,3.87,66.256674,59.110111,1.744,1.556
Premier League,2526,Brighton,53.9,38,51,33,1.34,0.87,13.0,35.6,4.63,58.419679,53.751226,1.537,1.415
Premier League,2526,Burnley,42.5,38,35,27,0.92,0.71,9.34,33.2,3.11,36.941275,82.584076,0.972,2.173
Premier League,2526,Chelsea,57.7,38,57,39,1.5,1.03,13.39,32.6,4.37,72.21246,58.117463,1.9,1.529
Premier League,2526,Crystal Palace,45.9,38,40,23,1.05,0.61,11.63,31.9,3.71,62.45648800000001,60.046223,1.644,1.58
Premier League,2526,Everton,43.8,38,45,34,1.18,0.89,11.11,33.6,3.74,49.870275,59.994855,1.312,1.579
Premier League,2526,Fulham,51.7,38,43,26,1.13,0.68,12.66,28.7,3.63,49.581085,60.843823,1.305,1.601
Premier League,2526,Leeds United,45.7,38,48,24,1.26,0.63,12.55,31.7,3.97,59.770649999999996,56.32591,1.573,1.482
Premier League,2526,Liverpool,59.3,38,61,44,1.61,1.16,15.47,29.8,4.61,67.25873200000001,53.869802,1.77,1.418
Premier League,2526,Manchester City,60.7,38,74,57,1.95,1.5,15.66,34.5,5.39,79.359555,46.492602,2.088,1.223
Premier League,2526,Manchester Utd,51.9,38,66,46,1.74,1.21,15.66,36.1,5.66,72.18836999999999,50.281424,1.9,1.323
Premier League,2526,Newcastle United,52.5,38,53,32,1.39,0.84,12.95,35.8,4.63,60.613248999999996,57.312037000000004,1.595,1.508
Premier League,2526,Nottingham Forest,46.8,38,47,34,1.24,0.89,12.53,32.8,4.11,48.936246,64.739616,1.288,1.704
Premier League,2526,Sunderland,44.9,38,38,25,1.0,0.66,10.42,32.8,3.42,43.136381,60.336974999999995,1.135,1.588
Premier League,2526,Tottenham Hotspur,50.4,38,47,36,1.24,0.95,11.45,33.6,3.84,46.7962522,55.590944,1.231,1.463
Premier League,2526,West Ham United,42.6,38,44,31,1.16,0.82,10.63,35.1,3.74,49.640421,68.116145,1.306,1.793
Premier League,2526,Wolves,42.8,38,26,18,0.68,0.47,9.71,33.3,3.24,38.441390999999996,68.303994,1.012,1.797
La Liga,2526,Alavés,48.1,38,41,26,1.08,0.68,12.16,33.3,4.05,53.576109,52.97264,1.41,1.394
La Liga,2526,Athletic Club,48.6,38,42,30,1.11,0.79,13.74,33.0,4.53,55.653369,47.122398,1.465,1.24
La Liga,2526,Atlético Madrid,53.4,38,58,40,1.53,1.05,13.11,39.0,5.11,68.10543899999999,53.138565,1.792,1.398
La Liga,2526,Barcelona,68.9,38,94,68,2.47,1.79,18.21,37.1,6.76,99.667925,50.710138,2.623,1.334
La Liga,2526,Celta Vigo,50.4,38,52,36,1.37,0.95,10.05,40.1,4.03,51.991856999999996,56.344472100000004,1.368,1.483
La Liga,2526,Elche,57.7,38,47,33,1.24,0.87,10.79,35.4,3.82,48.165307,68.9271509,1.268,1.814
La Liga,2526,Espanyol,42.4,38,42,29,1.11,0.76,12.63,32.9,4.16,52.380573,62.670767999999995,1.378,1.649
La Liga,2526,Getafe,40.2,38,31,26,0.82,0.68,9.21,30.0,2.76,33.9627569,48.312659,0.894,1.271
La Liga,2526,Girona,50.7,38,38,27,1.0,0.71,11.21,36.9,4.13,52.132348,65.82324,1.372,1.732
La Liga,2526,Levante,42.9,38,47,31,1.24,0.82,12.53,30.9,3.87,59.601811000000005,66.651365,1.568,1.754
La Liga,2526,Mallorca,47.0,38,47,32,1.24,0.84,10.84,38.3,4.16,47.5117721,65.845922,1.25,1.733
La Liga,2526,Osasuna,46.8,38,42,30,1.11,0.79,11.84,33.8,4.0,51.463089,51.63995800000001,1.354,1.359
La Liga,2526,Oviedo,46.1,38,26,18,0.68,0.47,9.92,31.6,3.13,41.499768,67.74320900000001,1.092,1.783
La Liga,2526,Rayo Vallecano,53.5,38,41,29,1.08,0.76,13.95,34.5,4.82,59.976055,56.34395000000001,1.578,1.483
La Liga,2526,Real Betis,50.3,38,58,39,1.53,1.03,14.21,33.9,4.82,61.297745,50.321923,1.613,1.324
La Liga,2526,Real Madrid,59.5,38,77,56,2.03,1.47,17.47,38.1,6.66,81.48550800000001,44.98583,2.144,1.184
La Liga,2526,Real Sociedad,51.3,38,57,38,1.5,1.0,12.37,37.2,4.61,59.698319999999995,60.536733,1.571,1.593
La Liga,2526,Sevilla,51.0,38,44,33,1.16,0.87,11.53,31.3,3.61,39.647959,61.323828999999996,1.043,1.614
La Liga,2526,Valencia,47.7,38,46,32,1.21,0.84,11.82,27.4,3.24,53.954595,55.530232999999996,1.42,1.461
La Liga,2526,Villarreal,44.5,38,71,47,1.87,1.24,11.97,37.8,4.53,68.839659,53.666982000000004,1.812,1.412
Bundesliga,2526,Augsburg,44.0,34,45,27,1.32,0.79,13.09,35.3,4.62,51.265645,65.531232,1.508,1.927
Bundesliga,2526,Bayern Munich,67.5,34,119,91,3.5,2.68,19.21,44.3,8.5,104.80924999999999,44.651416,3.083,1.313
Bundesliga,2526,Dortmund,53.3,34,69,51,2.03,1.5,13.09,36.6,4.79,67.802159,42.775198,1.994,1.258
Bundesliga,2526,Eintracht Frankfurt,55.0,34,61,42,1.79,1.24,12.0,38.5,4.62,51.016546000000005,55.552537,1.5,1.634
Bundesliga,2526,Freiburg,48.2,34,49,29,1.44,0.85,12.24,34.4,4.21,50.13068799999999,53.565186100000005,1.474,1.575
Bundesliga,2526,Gladbach,46.7,34,40,29,1.18,0.85,11.62,35.7,4.15,46.688987999999995,56.60973,1.373,1.665
Bundesliga,2526,Hamburger SV,45.4,34,40,30,1.18,0.88,12.32,37.0,4.56,43.832772000000006,66.064977,1.289,1.943
Bundesliga,2526,Heidenheim,42.4,34,41,28,1.21,0.82,11.44,31.6,3.62,49.967783,71.589146,1.47,2.106
Bundesliga,2526,Hoffenheim,55.3,34,61,45,1.79,1.32,14.09,36.7,5.18,63.147389000000004,54.089712000000006,1.857,1.591
Bundesliga,2526,Köln,47.0,34,47,33,1.38,0.97,13.41,34.6,4.65,53.833779,61.847531,1.583,1.819
Bundesliga,2526,Leverkusen,59.2,34,67,49,1.97,1.44,15.18,34.1,5.18,75.250632,50.964139,2.213,1.499
Bundesliga,2526,Mainz 05,44.0,34,44,26,1.29,0.76,12.06,34.4,4.15,63.264763099999996,61.872110000000006,1.861,1.82
Bundesliga,2526,RB Leipzig,54.0,34,64,48,1.88,1.41,15.82,37.9,6.0,75.184897,53.48338199999999,2.211,1.573
Bundesliga,2526,St Pauli,44.4,34,29,21,0.85,0.62,10.21,32.9,3.35,34.031525,66.80821499999999,1.001,1.965
Bundesliga,2526,Stuttgart,57.7,34,70,56,2.06,1.65,15.26,39.9,6.09,68.329575,53.44800599999999,2.01,1.572
Bundesliga,2526,Union Berlin,40.2,34,44,29,1.29,0.85,12.47,31.4,3.91,48.414516,56.062052,1.424,1.649
Bundesliga,2526,Werder Bremen,51.2,34,36,28,1.06,0.82,13.03,31.6,4.12,42.346357,61.859978000000005,1.245,1.819
Bundesliga,2526,Wolfsburg,45.3,34,44,35,1.29,1.03,11.91,35.1,4.18,52.582384000000005,65.125101,1.547,1.915
Serie A,2526,Atalanta,55.2,38,50,33,1.32,0.87,14.82,31.1,4.61,68.646032,51.698149,1.806,1.36
Serie A,2526,Bologna,55.2,38,47,30,1.24,0.79,12.89,29.4,3.79,50.0441,50.9075397,1.317,1.34
Serie A,2526,Cagliari,45.6,38,40,30,1.05,0.79,10.92,31.8,3.47,43.729117,60.35965900000001,1.151,1.588
Serie A,2526,Como,61.6,38,64,47,1.68,1.24,14.47,35.3,5.11,67.974851,39.54103,1.789,1.041
Serie A,2526,Cremonese,46.6,38,32,22,0.84,0.58,9.11,36.1,3.29,37.487589,66.507091,0.987,1.75
Serie A,2526,Fiorentina,51.1,38,40,23,1.05,0.61,12.87,26.8,3.45,52.173659,57.464868,1.373,1.512
Serie A,2526,Genoa,48.8,38,41,21,1.08,0.55,11.42,32.9,3.76,48.131322,55.7042493,1.267,1.466
Serie A,2526,Hellas Verona,40.2,38,24,15,0.63,0.39,11.08,33.5,3.71,37.3942803,55.576636,0.984,1.463
Serie A,2526,Inter,59.8,38,85,64,2.24,1.68,17.11,35.2,6.03,87.050385,35.846874,2.291,0.943
Serie A,2526,Juventus,57.6,38,59,41,1.55,1.08,16.82,35.5,5.97,74.158344,36.119729,1.952,0.951
Serie A,2526,Lazio,50.4,38,39,28,1.03,0.74,10.97,37.4,4.11,46.176585,48.997367,1.215,1.289
Serie A,2526,Lecce,41.7,38,28,20,0.74,0.53,9.82,26.0,2.55,37.230925,64.79969299999999,0.98,1.705
Serie A,2526,Milan,51.8,38,53,37,1.39,0.97,13.24,33.0,4.37,64.810227,46.11923,1.706,1.214
Serie A,2526,Napoli,59.0,38,57,39,1.5,1.03,13.21,35.7,4.71,57.761384,41.629633,1.52,1.096
Serie A,2526,Parma,44.2,38,26,17,0.68,0.45,10.71,25.6,2.74,36.151823300000004,61.804587,0.951,1.626
Serie A,2526,Pisa,40.2,38,25,13,0.66,0.34,9.58,29.1,2.79,42.1609707,66.4579573,1.109,1.749
Serie A,2526,Roma,56.3,38,59,41,1.55,1.08,13.24,35.4,4.68,62.628621,42.588063,1.648,1.121
Serie A,2526,Sassuolo,46.2,38,45,35,1.18,0.92,10.68,35.2,3.76,48.024261,61.069304,1.264,1.607
Serie A,2526,Torino,44.1,38,42,25,1.11,0.66,11.82,33.6,3.97,51.551068,60.360917,1.357,1.588
Serie A,2526,Udinese,45.6,38,44,30,1.16,0.79,11.55,33.3,3.84,47.286857,57.019825,1.244,1.501
Ligue 1,2526,Angers,41.9,34,28,17,0.82,0.5,9.29,35.1,3.26,33.456325,60.270813000000004,0.984,1.773
Ligue 1,2526,Auxerre,43.9,34,30,19,0.88,0.56,10.71,32.7,3.5,40.336861999999996,50.048906,1.186,1.472
Ligue 1,2526,Brest,43.5,34,42,30,1.24,0.88,11.18,31.6,3.53,46.381287,56.240166,1.364,1.654
Ligue 1,2526,Le Havre,46.9,34,31,22,0.91,0.65,10.97,33.2,3.65,38.690833,55.730771,1.138,1.639
Ligue 1,2526,Lens,51.2,34,65,51,1.91,1.5,16.5,33.7,5.56,74.35644400000001,42.957344,2.187,1.263
Ligue 1,2526,Lille,56.0,34,51,33,1.5,0.97,13.65,33.8,4.62,57.194052,38.611802,1.682,1.136
Ligue 1,2526,Lorient,45.4,34,47,31,1.38,0.91,11.32,34.8,3.94,49.105121,52.8729592,1.444,1.555
Ligue 1,2526,Lyon,54.6,34,52,41,1.53,1.21,12.26,38.1,4.68,55.163634,47.97795,1.622,1.411
Ligue 1,2526,Marseille,57.1,34,62,47,1.82,1.38,15.06,38.1,5.74,69.446291,49.663927,2.043,1.461
Ligue 1,2526,Metz,48.9,34,31,20,0.91,0.59,10.06,31.6,3.18,33.5806656,65.038323,0.988,1.913
Ligue 1,2526,Monaco,53.8,34,57,42,1.68,1.24,12.53,35.4,4.44,61.40959,51.210354,1.806,1.506
Ligue 1,2526,Nantes,42.1,33,28,18,0.85,0.55,11.33,28.9,3.27,37.822320000000005,52.753943,1.146,1.599
Ligue 1,2526,Nice,46.3,34,35,25,1.03,0.74,11.24,35.1,3.94,46.790082999999996,60.749104,1.376,1.787
Ligue 1,2526,Paris FC,50.4,34,46,28,1.35,0.82,11.62,34.2,3.97,49.709044,56.59367399999999,1.462,1.665
Ligue 1,2526,Paris Saint-Germain,68.8,34,73,55,2.15,1.62,17.68,37.6,6.65,75.638025,33.6044376,2.225,0.988
Ligue 1,2526,Rennes,53.5,34,57,42,1.68,1.24,14.18,35.1,4.97,54.4674302,60.218833000000004,1.602,1.771
Ligue 1,2526,Strasbourg,53.8,34,57,42,1.68,1.24,11.44,40.6,4.65,56.7680472,47.742129,1.67,1.404
Ligue 1,2526,Toulouse,42.3,33,46,32,1.39,0.97,12.88,33.6,4.33,46.28862,44.3192382,1.403,1.343
