match_id,home,away,i,j,proba
9,Switzerland,Bosnia and Herzegovina,0,0,0.07251223302324054
9,Switzerland,Bosnia and Herzegovina,0,1,0.051846246611616985
9,Switzerland,Bosnia and Herzegovina,0,2,0.018535033163653077
9,Switzerland,Bosnia and Herzegovina,0,3,0.004417516237337315
9,Switzerland,Bosnia and Herzegovina,0,4,0.000789631027424045
9,Switzerland,Bosnia and Herzegovina,0,5,0.00011291723692163853
9,Switzerland,Bosnia and Herzegovina,0,6,1.3455970733161918e-05
9,Switzerland,Bosnia and Herzegovina,1,0,0.13842585284136616
9,Switzerland,Bosnia and Herzegovina,1,1,0.09897448478157682
9,Switzerland,Bosnia and Herzegovina,1,2,0.03538337830941372
9,Switzerland,Bosnia and Herzegovina,1,3,0.008433038497076934
9,Switzerland,Bosnia and Herzegovina,1,4,0.0015074056313525016
9,Switzerland,Bosnia and Herzegovina,1,5,0.00021555900528340792
9,Switzerland,Bosnia and Herzegovina,1,6,2.56874481296061e-05
9,Switzerland,Bosnia and Herzegovina,2,0,0.132127476537084
9,Switzerland,Bosnia and Herzegovina,2,1,0.09447114572401508
9,Switzerland,Bosnia and Herzegovina,2,2,0.033773434596335396
9,Switzerland,Bosnia and Herzegovina,2,3,0.008049335245459933
9,Switzerland,Bosnia and Herzegovina,2,4,0.0014388186751259629
9,Switzerland,Bosnia and Herzegovina,2,5,0.00020575107054301287
9,Switzerland,Bosnia and Herzegovina,2,6,2.451866923970902e-05
9,Switzerland,Bosnia and Herzegovina,3,0,0.08407711756976446
9,Switzerland,Bosnia and Herzegovina,3,1,0.0601151390623816
9,Switzerland,Bosnia and Herzegovina,3,2,0.021491162214801424
9,Switzerland,Bosnia and Herzegovina,3,3,0.005122060327861005
9,Switzerland,Bosnia and Herzegovina,3,4,0.0009155682836051545
9,Switzerland,Bosnia and Herzegovina,3,5,0.0001309262645555372
9,Switzerland,Bosnia and Herzegovina,3,6,1.560204652620151e-05
9,Switzerland,Bosnia and Herzegovina,4,0,0.0401258043601701
9,Switzerland,Bosnia and Herzegovina,4,1,0.028689950117521623
9,Switzerland,Bosnia and Herzegovina,4,2,0.010256657167013981
9,Switzerland,Bosnia and Herzegovina,4,3,0.002444503291471665
9,Switzerland,Bosnia and Herzegovina,4,4,0.00043695496335056005
9,Switzerland,Bosnia and Herzegovina,4,5,6.248455975913014e-05
9,Switzerland,Bosnia and Herzegovina,4,6,7.4460767046296715e-06
9,Switzerland,Bosnia and Herzegovina,5,0,0.015320032104712951
9,Switzerland,Bosnia and Herzegovina,5,1,0.01095382295486976
9,Switzerland,Bosnia and Herzegovina,5,2,0.00391599170636594
9,Switzerland,Bosnia and Herzegovina,5,3,0.0009333113566838821
9,Switzerland,Bosnia and Herzegovina,5,4,0.0001668294050072439
9,Switzerland,Bosnia and Herzegovina,5,5,2.38566049160359e-05
9,Switzerland,Bosnia and Herzegovina,5,6,2.84291208582761e-06
9,Switzerland,Bosnia and Herzegovina,6,0,0.0048743235479828334
9,Switzerland,Bosnia and Herzegovina,6,1,0.003485141336807726
9,Switzerland,Bosnia and Herzegovina,6,2,0.0012459380279087621
9,Switzerland,Bosnia and Herzegovina,6,3,0.0002969485633182549
9,Switzerland,Bosnia and Herzegovina,6,4,5.3079555693138055e-05
9,Switzerland,Bosnia and Herzegovina,6,5,7.5903764641187485e-06
9,Switzerland,Bosnia and Herzegovina,6,6,9.045198619741505e-07
10,Canada,Qatar,0,0,0.05990471874011217
10,Canada,Qatar,0,1,0.037081020900129436
10,Canada,Qatar,0,2,0.011476575968590058
10,Canada,Qatar,0,3,0.0023680001748524154
10,Canada,Qatar,0,4,0.00036644802705841135
10,Canada,Qatar,0,5,4.536626574983133e-05
10,Canada,Qatar,0,6,4.680286416524266e-06
10,Canada,Qatar,1,0,0.13155076235328633
10,Canada,Qatar,1,1,0.08142992189668426
10,Canada,Qatar,1,2,0.025202560827023768
10,Canada,Qatar,1,3,0.005200128383975904
10,Canada,Qatar,1,4,0.0008047198674202713
10,Canada,Qatar,1,5,9.962431958662961e-05
10,Canada,Qatar,1,6,1.0277908970687288e-05
10,Canada,Qatar,2,0,0.1444427370639084
10,Canada,Qatar,2,1,0.08941005424255931
10,Canada,Qatar,2,2,0.027672411788072098
10,Canada,Qatar,2,3,0.005709740965605543
10,Canada,Qatar,2,4,0.0008835824144274579
10,Canada,Qatar,2,5,0.00010938750290611931
10,Canada,Qatar,2,6,1.1285144049814641e-05
10,Canada,Qatar,3,0,0.10573208353078092
10,Canada,Qatar,3,1,0.0654481597055534
10,Canada,Qatar,3,2,0.020256205428868773
10,Canada,Qatar,3,3,0.0041795303868232565
10,Canada,Qatar,3,4,0.0006467823273608991
10,Canada,Qatar,3,5,8.007165212727933e-05
10,Canada,Qatar,3,6,8.260725444464315e-06
10,Canada,Qatar,4,0,0.05804691385839873
10,Canada,Qatar,4,1,0.03593103967834882
10,Canada,Qatar,4,2,0.011120656780448957
10,Canada,Qatar,4,3,0.0022945621823659682
10,Canada,Qatar,4,4,0.00035508349772113364
10,Canada,Qatar,4,5,4.395933701787635e-05
10,Canada,Qatar,4,6,4.53513826901091e-06
10,Canada,Qatar,5,0,0.02549420456660874
10,Canada,Qatar,5,1,0.01578091262673081
10,Canada,Qatar,5,2,0.004884192457973184
10,Canada,Qatar,5,3,0.0010077717104951336
10,Canada,Qatar,5,4,0.00015595267219912197
10,Canada,Qatar,5,5,1.9306940818251302e-05
10,Canada,Qatar,5,6,1.9918327277495928e-06
10,Canada,Qatar,6,0,0.009330878871378793
10,Canada,Qatar,6,1,0.005775814021383474
10,Canada,Qatar,6,2,0.0017876144396181846
10,Canada,Qatar,6,3,0.0003688444460412187
10,Canada,Qatar,6,4,5.707867802487861e-05
10,Canada,Qatar,6,5,7.066340339479973e-06
10,Canada,Qatar,6,6,7.290107783563505e-07
3,Czech Republic,South Africa,0,0,0.08901058355247844
3,Czech Republic,South Africa,0,1,0.08099963103275538
3,Czech Republic,South Africa,0,2,0.0368548321199037
3,Czech Republic,South Africa,0,3,0.011179299076370787
3,Czech Republic,South Africa,0,4,0.002543290539874354
3,Czech Republic,South Africa,0,5,0.0004628788782571325
3,Czech Republic,South Africa,0,6,7.020329653566514e-05
3,Czech Republic,South Africa,1,0,0.13431697058068995
3,Czech Republic,South Africa,1,1,0.12222844322842784
3,Czech Republic,South Africa,1,2,0.05561394166893467
3,Czech Republic,South Africa,1,3,0.016869562306243514
3,Czech Republic,South Africa,1,4,0.0038378254246703995
3,Czech Republic,South Africa,1,5,0.0006984842272900127
3,Czech Republic,South Africa,1,6,0.00010593677447231867
3,Czech Republic,South Africa,2,0,0.10134215430313055
3,Czech Republic,South Africa,2,1,0.0922213604158488
3,Czech Republic,South Africa,2,2,0.04196071898921121
3,Czech Republic,South Africa,2,3,0.01272808476006073
3,Czech Republic,South Africa,2,4,0.0028956392829138163
3,Czech Republic,South Africa,2,5,0.0005270063494903146
3,Czech Republic,South Africa,2,6,7.992929633936444e-05
3,Czech Republic,South Africa,3,0,0.05097510361447468
3,Czech Republic,South Africa,3,1,0.04638734428917196
3,Czech Republic,South Africa,3,2,0.021106241651573245
3,Czech Republic,South Africa,3,3,0.00640222663431055
3,Czech Republic,South Africa,3,4,0.0014565065593056502
3,Czech Republic,South Africa,3,5,0.00026508419379362835
3,Czech Republic,South Africa,3,6,4.020443605870032e-05
3,Czech Republic,South Africa,4,0,0.01923035783856056
3,Czech Republic,South Africa,4,1,0.017499625633090113
3,Czech Republic,South Africa,4,2,0.007962329663056001
3,Czech Republic,South Africa,4,3,0.0024152399977936533
3,Czech Republic,South Africa,4,4,0.0005494670994980562
3,Czech Republic,South Africa,4,5,0.00010000301210864622
3,Czech Republic,South Africa,4,6,1.5167123503144688e-05
3,Czech Republic,South Africa,5,0,0.005803721995677581
3,Czech Republic,South Africa,5,1,0.005281387016066599
3,Czech Republic,South Africa,5,2,0.0024030310923103025
3,Czech Republic,South Africa,5,3,0.000728919431334125
3,Czech Republic,South Africa,5,4,0.00016582917062851342
3,Czech Republic,South Africa,5,5,3.0180909054389445e-05
3,Czech Republic,South Africa,5,6,4.577437873249069e-06
3,Czech Republic,South Africa,6,0,0.0014596360819129105
3,Czech Republic,South Africa,6,1,0.0013282688345407486
3,Czech Republic,South Africa,6,2,0.0006043623197160406
3,Czech Republic,South Africa,6,3,0.0001833232369805323
3,Czech Republic,South Africa,6,4,4.17060364130711e-05
3,Czech Republic,South Africa,6,5,7.590498627178941e-06
3,Czech Republic,South Africa,6,6,1.15122562512214e-06
4,Mexico,South Korea,0,0,0.06794885426291919
4,Mexico,South Korea,0,1,0.04600137433599629
4,Mexico,South Korea,0,2,0.015571465212734744
4,Mexico,South Korea,0,3,0.0035139606496738087
4,Mexico,South Korea,0,4,0.0005947378399572919
4,Mexico,South Korea,0,5,8.052750353021733e-05
4,Mexico,South Korea,0,6,9.086186648326204e-06
4,Mexico,South Korea,1,0,0.13671309477699342
4,Mexico,South Korea,1,1,0.09255476516402456
4,Mexico,South Korea,1,2,0.03132978800802231
4,Mexico,South Korea,1,3,0.007070088827143704
4,Mexico,South Korea,1,4,0.0011966125339940713
4,Mexico,South Korea,1,5,0.00016202133710279727
4,Mexico,South Korea,1,6,1.8281407536432325e-05
4,Mexico,South Korea,2,0,0.13753337334565538
4,Mexico,South Korea,2,1,0.09311009375500869
4,Mexico,South Korea,2,2,0.031517766736070436
4,Mexico,South Korea,2,3,0.007112509360106566
4,Mexico,South Korea,2,4,0.0012037922091980356
4,Mexico,South Korea,2,5,0.00016299346512541404
4,Mexico,South Korea,2,6,1.8391095981650915e-05
4,Mexico,South Korea,3,0,0.0922390490571529
4,Mexico,South Korea,3,1,0.06244583621169251
4,Mexico,South Korea,3,2,0.021137915557657913
4,Mexico,South Korea,3,3,0.0047701229441781375
4,Mexico,South Korea,3,4,0.0008073433083021494
4,Mexico,South Korea,3,5,0.00010931428394411104
4,Mexico,South Korea,3,6,1.2334295038360551e-05
4,Mexico,South Korea,4,0,0.04639624167574789
4,Mexico,South Korea,4,1,0.031410255614481325
4,Mexico,South Korea,4,2,0.010632371525501927
4,Mexico,South Korea,4,3,0.0023993718409216027
4,Mexico,South Korea,4,4,0.00040609368407598103
4,Mexico,South Korea,4,5,5.498508482388784e-05
4,Mexico,South Korea,4,6,6.204150404295355e-06
4,Mexico,South Korea,5,0,0.018669847650320957
4,Mexico,South Korea,5,1,0.01263948685926729
4,Mexico,South Korea,5,2,0.004278466301861977
4,Mexico,South Korea,5,3,0.0009655072287868532
4,Mexico,South Korea,5,4,0.00016341209847217482
4,Mexico,South Korea,5,5,2.2125998133132474e-05
4,Mexico,South Korea,5,6,2.496550122688452e-06
4,Mexico,South Korea,6,0,0.006260622245407629
4,Mexico,South Korea,6,1,0.004238441260140964
4,Mexico,South Korea,6,2,0.0014347123665577164
4,Mexico,South Korea,6,3,0.00032376675738652477
4,Mexico,South Korea,6,4,5.47975236876693e-05
4,Mexico,South Korea,6,5,7.419584707310424e-06
4,Mexico,South Korea,6,6,8.371764744748609e-07
15,Scotland,Morocco,0,0,0.08963584349399843
15,Scotland,Morocco,0,1,0.1312268748752137
15,Scotland,Morocco,0,2,0.09605807240865642
15,Scotland,Morocco,0,3,0.04687633933542434
15,Scotland,Morocco,0,4,0.017156740196765306
15,Scotland,Morocco,0,5,0.005023493529612882
15,Scotland,Morocco,0,6,0.0012257324212255425
15,Scotland,Morocco,1,0,0.0849747796323105
15,Scotland,Morocco,1,1,0.12440307738170256
15,Scotland,Morocco,1,2,0.09106305264340626
15,Scotland,Morocco,1,3,0.04443876968998227
15,Scotland,Morocco,1,4,0.016264589706533508
15,Scotland,Morocco,1,5,0.00476227186607301
15,Scotland,Morocco,1,6,0.0011619943353218141
15,Scotland,Morocco,2,0,0.04027804554571518
15,Scotland,Morocco,2,1,0.05896705867892702
15,Scotland,Morocco,2,2,0.04316388695297458
15,Scotland,Morocco,2,3,0.021063976833051598
15,Scotland,Morocco,2,4,0.007709415520896884
15,Scotland,Morocco,2,5,0.0022573168645186074
15,Scotland,Morocco,2,6,0.00055078531494254
15,Scotland,Morocco,3,0,0.012727862392445997
15,Scotland,Morocco,3,1,0.018633590542540938
15,Scotland,Morocco,3,2,0.013639788277139967
15,Scotland,Morocco,3,3,0.006656216679244304
15,Scotland,Morocco,3,4,0.002436175304603415
15,Scotland,Morocco,3,5,0.0007133121291878799
15,Scotland,Morocco,3,6,0.00017404815952184262
15,Scotland,Morocco,4,0,0.0030165033870096993
15,Scotland,Morocco,4,1,0.004416160958582199
15,Scotland,Morocco,4,2,0.0032326298216821697
15,Scotland,Morocco,4,3,0.0015775233529808992
15,Scotland,Morocco,4,4,0.000577373547191009
15,Scotland,Morocco,4,5,0.00016905497461752744
15,Scotland,Morocco,4,6,4.124941380667667e-05
15,Scotland,Morocco,5,0,0.0005719290421770398
15,Scotland,Morocco,5,1,0.0008373041177471863
15,Scotland,Morocco,5,2,0.0006129066141909403
15,Scotland,Morocco,5,3,0.0002990984277251789
15,Scotland,Morocco,5,4,0.00010947002454741547
15,Scotland,Morocco,5,5,3.205282318748325e-05
15,Scotland,Morocco,5,6,7.820888857745909e-06
15,Scotland,Morocco,6,0,9.036478866397224e-05
15,Scotland,Morocco,6,1,0.00013229405060405535
15,Scotland,Morocco,6,2,9.683924504216852e-05
15,Scotland,Morocco,6,3,4.725755158057824e-05
15,Scotland,Morocco,6,4,1.7296263878491634e-05
15,Scotland,Morocco,6,5,5.0643460636223505e-06
15,Scotland,Morocco,6,6,1.235700439523853e-06
16,Brazil,Haiti,0,0,0.038929615270717026
16,Brazil,Haiti,0,1,0.01911444109792206
16,Brazil,Haiti,0,2,0.004692595289539865
16,Brazil,Haiti,0,3,0.0007680214290546913
16,Brazil,Haiti,0,4,9.427463041646343e-05
16,Brazil,Haiti,0,5,9.257768706896707e-06
16,Brazil,Haiti,0,6,7.575940725143803e-07
16,Brazil,Haiti,1,0,0.10725109007082544
16,Brazil,Haiti,1,1,0.052660285224775276
16,Brazil,Haiti,1,2,0.01292810002268233
16,Brazil,Haiti,1,3,0.002115899037045675
16,Brazil,Haiti,1,4,0.00025972660679735683
16,Brazil,Haiti,1,5,2.5505152787500432e-05
16,Brazil,Haiti,1,6,2.087171669777118e-06
16,Brazil,Haiti,2,0,0.147738376572562
16,Brazil,Haiti,2,1,0.07253954289712794
16,Brazil,Haiti,2,2,0.01780845778124491
16,Brazil,Haiti,2,3,0.002914650923530417
16,Brazil,Haiti,2,4,0.000357773400863359
16,Brazil,Haiti,2,5,3.513334796478184e-05
16,Brazil,Haiti,2,6,2.87507897511798e-06
16,Brazil,Haiti,3,0,0.13567307581913618
16,Brazil,Haiti,3,1,0.06661548022719585
16,Brazil,Haiti,3,2,0.01635410039577658
16,Brazil,Haiti,3,3,0.0026766210981087673
16,Brazil,Haiti,3,4,0.00032855523979285144
16,Brazil,Haiti,3,5,3.226412454765801e-05
16,Brazil,Haiti,3,6,2.6402808588166793e-06
16,Brazil,Haiti,4,0,0.09344483097043
16,Brazil,Haiti,4,1,0.04588141200648113
16,Brazil,Haiti,4,2,0.011263886647591117
16,Brazil,Haiti,4,3,0.001843522781322413
16,Brazil,Haiti,4,4,0.0002262924214073264
16,Brazil,Haiti,4,5,2.2221915782199445e-05
16,Brazil,Haiti,4,6,1.8184934415099874e-06
16,Brazil,Haiti,5,0,0.05148810186470694
16,Brazil,Haiti,5,1,0.025280658015571104
16,Brazil,Haiti,5,2,0.006206401542822706
16,Brazil,Haiti,5,3,0.0010157810525086497
16,Brazil,Haiti,5,4,0.00012468712419543685
16,Brazil,Haiti,5,5,1.2244275595991896e-05
16,Brazil,Haiti,5,6,1.001989886272003e-06
16,Brazil,Haiti,6,0,0.023641620106211278
16,Brazil,Haiti,6,1,0.011608035472149735
16,Brazil,Haiti,6,2,0.00284977270841276
16,Brazil,Haiti,6,3,0.0004664127999435551
16,Brazil,Haiti,6,4,5.725217119307144e-05
16,Brazil,Haiti,6,5,5.622163211159614e-06
16,Brazil,Haiti,6,6,4.6008035611322824e-07
21,United States,Australia,0,0,0.08382701070336165
21,United States,Australia,0,1,0.0697440729051969
21,United States,Australia,0,2,0.029013534328561897
21,United States,Australia,0,3,0.008046420187121168
21,United States,Australia,0,4,0.0016736553989212032
21,United States,Australia,0,5,0.00027849625838048827
21,United States,Australia,0,6,3.8618147828761e-05
21,United States,Australia,1,0,0.1380630866284366
21,United States,Australia,1,1,0.11486848807485926
21,United States,Australia,1,2,0.04778529103914144
21,United States,Australia,1,3,0.013252454048188561
21,United States,Australia,1,4,0.002756510442023221
21,United States,Australia,1,5,0.0004586833375526641
21,United States,Australia,1,6,6.360408947396935e-05
21,United States,Australia,2,0,0.11369495183851758
21,United States,Australia,2,1,0.09459419992964663
21,United States,Australia,2,2,0.039351187170732986
21,United States,Australia,2,3,0.010913395908683282
21,United States,Australia,2,4,0.002269986349006123
21,United States,Australia,2,5,0.00037772572847461893
21,United States,Australia,2,6,5.237796768181377e-05
21,United States,Australia,3,0,0.06241852855934615
21,United States,Australia,3,1,0.051932215761375994
21,United States,Australia,3,2,0.021603801756732408
21,United States,Australia,3,3,0.005991454353867122
21,United States,Australia,3,4,0.0012462225056043615
21,United States,Australia,3,5,0.00020737142493256578
21,United States,Australia,3,6,2.8755504257315762e-05
21,United States,Australia,4,0,0.02570082913431077
21,United States,Australia,4,1,0.02138308983974656
21,United States,Australia,4,2,0.008895365373334567
21,United States,Australia,4,3,0.0024669813302047867
21,United States,Australia,4,4,0.0005131321166825958
21,United States,Australia,4,5,8.538518421598395e-05
21,United States,Australia,4,6,1.1840078877949762e-05
21,United States,Australia,5,0,0.00846585311684197
21,United States,Australia,5,1,0.00704358979321252
21,United States,Australia,5,2,0.0029301333539764073
21,United States,Australia,5,3,0.0008126236501694571
21,United States,Australia,5,4,0.0001690257192352471
21,United States,Australia,5,5,2.8125879680745123e-05
21,United States,Australia,5,6,3.900121982396653e-06
21,United States,Australia,6,0,0.0023238766805731208
21,United States,Australia,6,1,0.0019334653982368366
21,United States,Australia,6,2,0.0008043216056665238
21,United States,Australia,6,3,0.00022306519197151593
21,United States,Australia,6,4,4.6397559930075324e-05
21,United States,Australia,6,5,7.720553972364535e-06
21,United States,Australia,6,6,1.0705834841678813e-06
22,Turkey,Paraguay,0,0,0.09338729227656734
22,Turkey,Paraguay,0,1,0.12383154955872828
22,Turkey,Paraguay,0,2,0.08210031735743685
22,Turkey,Paraguay,0,3,0.03628834027198709
22,Turkey,Paraguay,0,4,0.01202958480016372
22,Turkey,Paraguay,0,5,0.0031902458890034195
22,Turkey,Paraguay,0,6,0.000705044341469755
22,Turkey,Paraguay,1,0,0.09758972042901284
22,Turkey,Paraguay,1,1,0.12940396928887102
22,Turkey,Paraguay,1,2,0.08579483163852149
22,Turkey,Paraguay,1,3,0.037921315584226505
22,Turkey,Paraguay,1,4,0.012570916116171085
22,Turkey,Paraguay,1,5,0.0033338069540085726
22,Turkey,Paraguay,1,6,0.0007367713368358938
22,Turkey,Paraguay,2,0,0.05099062892415921
22,Turkey,Paraguay,2,1,0.06761357395343512
22,Turkey,Paraguay,2,2,0.04482779953112748
22,Turkey,Paraguay,2,3,0.019813887392758345
22,Turkey,Paraguay,2,4,0.006568303670699392
22,Turkey,Paraguay,2,5,0.0017419141334694792
22,Turkey,Paraguay,2,6,0.0003849630234967545
22,Turkey,Paraguay,3,0,0.017761735741915453
22,Turkey,Paraguay,3,1,0.023552061593779892
22,Turkey,Paraguay,3,2,0.01561501683667607
22,Turkey,Paraguay,3,3,0.006901837441810823
22,Turkey,Paraguay,3,4,0.002287959111960288
22,Turkey,Paraguay,3,5,0.0006067667564918685
22,Turkey,Paraguay,3,6,0.0001340954531847028
22,Turkey,Paraguay,4,0,0.004640253462575413
22,Turkey,Paraguay,4,1,0.006152976091374998
22,Turkey,Paraguay,4,2,0.004079423148581624
22,Turkey,Paraguay,4,3,0.0018031050316730777
22,Turkey,Paraguay,4,4,0.0005977293179996252
22,Turkey,Paraguay,4,5,0.00015851781513350066
22,Turkey,Paraguay,4,6,3.503243714450361e-05
22,Turkey,Paraguay,5,0,0.0009698129736782614
22,Turkey,Paraguay,5,1,0.0012859720030973746
22,Turkey,Paraguay,5,2,0.0008525994380535595
22,Turkey,Paraguay,5,3,0.0003768489516196733
22,Turkey,Paraguay,5,4,0.0001249254274619217
22,Turkey,Paraguay,5,5,3.3130223362901644e-05
22,Turkey,Paraguay,5,6,7.321779363201255e-06
22,Turkey,Paraguay,6,0,0.0001689090929156305
22,Turkey,Paraguay,6,1,0.00022397345720612607
22,Turkey,Paraguay,6,2,0.0001484944021276616
22,Turkey,Paraguay,6,3,6.563452574042642e-05
22,Turkey,Paraguay,6,4,2.1757845282951356e-05
22,Turkey,Paraguay,6,5,5.770180569038702e-06
22,Turkey,Paraguay,6,6,1.2752099057575517e-06
27,Germany,Ivory Coast,0,0,0.08847811904208731
27,Germany,Ivory Coast,0,1,0.07963030713787858
27,Germany,Ivory Coast,0,2,0.035833638212045354
27,Germany,Ivory Coast,0,3,0.010750091463613607
27,Germany,Ivory Coast,0,4,0.0024187705793130613
27,Germany,Ivory Coast,0,5,0.00043537870427635115
27,Germany,Ivory Coast,0,6,6.530680564145268e-05
27,Germany,Ivory Coast,1,0,0.13492913153918315
27,Germany,Ivory Coast,1,1,0.12143621838526485
27,Germany,Ivory Coast,1,2,0.05464629827336917
27,Germany,Ivory Coast,1,3,0.016393889482010753
27,Germany,Ivory Coast,1,4,0.003688625133452419
27,Germany,Ivory Coast,1,5,0.0006639525240214355
27,Germany,Ivory Coast,1,6,9.959287860321533e-05
27,Germany,Ivory Coast,2,0,0.10288346279862713
27,Germany,Ivory Coast,2,1,0.09259511651876443
27,Germany,Ivory Coast,2,2,0.041667802433443986
27,Germany,Ivory Coast,2,3,0.012500340730033196
27,Germany,Ivory Coast,2,4,0.0028125766642574687
27,Germany,Ivory Coast,2,5,0.0005062637995663444
27,Germany,Ivory Coast,2,6,7.593956993495167e-05
27,Germany,Ivory Coast,3,0,0.05229909358930214
27,Germany,Ivory Coast,3,1,0.04706918423037193
27,Germany,Ivory Coast,3,2,0.021181132903667365
27,Germany,Ivory Coast,3,3,0.006354339871100211
27,Germany,Ivory Coast,3,4,0.001429726470997547
27,Germany,Ivory Coast,3,5,0.0002573507647795585
27,Germany,Ivory Coast,3,6,3.860261471693378e-05
27,Germany,Ivory Coast,4,0,0.01993902943092143
27,Germany,Ivory Coast,4,1,0.01794512648782929
27,Germany,Ivory Coast,4,2,0.008075306919523179
27,Germany,Ivory Coast,4,3,0.002422592075856954
27,Germany,Ivory Coast,4,4,0.0005450832170678145
27,Germany,Ivory Coast,4,5,9.811497907220663e-05
27,Germany,Ivory Coast,4,6,1.4717246860830997e-05
27,Germany,Ivory Coast,5,0,0.006081403976431034
27,Germany,Ivory Coast,5,1,0.0054732635787879316
27,Germany,Ivory Coast,5,2,0.0024629686104545687
27,Germany,Ivory Coast,5,3,0.0007388905831363706
27,Germany,Ivory Coast,5,4,0.00016625038120568337
27,Germany,Ivory Coast,5,5,2.9925068617023012e-05
27,Germany,Ivory Coast,5,6,4.488760292553453e-06
27,Germany,Ivory Coast,6,0,0.001545690177342888
27,Germany,Ivory Coast,6,1,0.0013911211596085993
27,Germany,Ivory Coast,6,2,0.0006260045218238696
27,Germany,Ivory Coast,6,3,0.00018780135654716088
27,Germany,Ivory Coast,6,4,4.22553052231112e-05
27,Germany,Ivory Coast,6,5,7.6059549401600165e-06
27,Germany,Ivory Coast,6,6,1.1408932410240027e-06
28,Ecuador,Curaçao,0,0,0.04841236609804925
28,Ecuador,Curaçao,0,1,0.02648156425563294
28,Ecuador,Curaçao,0,2,0.007242707823915609
28,Ecuador,Curaçao,0,3,0.0013205870598939464
28,Ecuador,Curaçao,0,4,0.0001805902804404972
28,Ecuador,Curaçao,0,5,1.9756576680190395e-05
28,Ecuador,Curaçao,0,6,1.801141240677357e-06
28,Ecuador,Curaçao,1,0,0.12011108028926018
28,Ecuador,Curaçao,1,1,0.06570076091822533
28,Ecuador,Curaçao,1,2,0.017969158111134625
28,Ecuador,Curaçao,1,3,0.003276376495596881
28,Ecuador,Curaçao,1,4,0.0004480444857728735
28,Ecuador,Curaçao,1,5,4.901606674355236e-05
28,Ecuador,Curaçao,1,6,4.468631418120523e-06
28,Ecuador,Curaçao,2,0,0.1489977950988272
28,Ecuador,Curaçao,2,1,0.0815017939190585
28,Ecuador,Curaçao,2,2,0.022290740636862497
28,Ecuador,Curaçao,2,3,0.00406434504278793
28,Ecuador,Curaçao,2,4,0.0005557991846012495
28,Ecuador,Curaçao,2,5,6.0804430795376696e-05
28,Ecuador,Curaçao,2,6,5.5433372741785065e-06
28,Ecuador,Curaçao,3,0,0.12322117654673012
28,Ecuador,Curaçao,3,1,0.06740198357106138
28,Ecuador,Curaçao,3,2,0.018434442506685286
28,Ecuador,Curaçao,3,3,0.003361213350385618
28,Ecuador,Curaçao,3,4,0.00045964592566523333
28,Ecuador,Curaçao,3,5,5.028526426777653e-05
28,Ecuador,Curaçao,3,6,4.5843399257456255e-06
28,Ecuador,Curaçao,4,0,0.07642793475310934
28,Ecuador,Curaçao,4,1,0.04180608030995082
28,Ecuador,Curaçao,4,2,0.011433962964771546
28,Ecuador,Curaçao,4,3,0.0020847925805766794
28,Ecuador,Curaçao,4,4,0.00028509538539386094
28,Ecuador,Curaçao,4,5,3.1189435162088386e-05
28,Ecuador,Curaçao,4,6,2.8434368389437236e-06
28,Ecuador,Curaçao,5,0,0.03792354122449285
28,Ecuador,Curaçao,5,1,0.020744177049797592
28,Ecuador,Curaçao,5,2,0.005673532423119641
28,Ecuador,Curaçao,5,3,0.0010344740784821482
28,Ecuador,Curaçao,5,4,0.00014146433023243376
28,Ecuador,Curaçao,5,5,1.5476197727428254e-05
28,Ecuador,Curaçao,5,6,1.4109133594838756e-06
28,Ecuador,Curaçao,6,0,0.015681384296327792
28,Ecuador,Curaçao,6,1,0.008577717210091304
28,Ecuador,Curaçao,6,2,0.002346005656959971
28,Ecuador,Curaçao,6,3,0.0004277550314523682
28,Ecuador,Curaçao,6,4,5.8495500551111365e-05
28,Ecuador,Curaçao,6,5,6.399407760291583e-06
28,Ecuador,Curaçao,6,6,5.834126741465825e-07
33,Netherlands,Sweden,0,0,0.08586319544116683
33,Netherlands,Sweden,0,1,0.07367062168852113
33,Netherlands,Sweden,0,2,0.031604696704375566
33,Netherlands,Sweden,0,3,0.009038943257451412
33,Netherlands,Sweden,0,4,0.0019388533287233282
33,Netherlands,Sweden,0,5,0.00033270723120892317
33,Netherlands,Sweden,0,6,4.7577134062875976e-05
33,Netherlands,Sweden,1,0,0.1371235231195434
33,Netherlands,Sweden,1,1,0.11765198283656825
33,Netherlands,Sweden,1,2,0.05047270063688778
33,Netherlands,Sweden,1,3,0.014435192382149903
33,Netherlands,Sweden,1,4,0.003096348765971155
33,Netherlands,Sweden,1,5,0.0005313334482406503
33,Netherlands,Sweden,1,6,7.598068309841292e-05
33,Netherlands,Sweden,2,0,0.10949313321095544
33,Netherlands,Sweden,2,1,0.09394510829499976
33,Netherlands,Sweden,2,2,0.0403024514585549
33,Netherlands,Sweden,2,3,0.0115265011171467
33,Netherlands,Sweden,2,4,0.002472434489627968
33,Netherlands,Sweden,2,5,0.0004242697584201593
33,Netherlands,Sweden,2,6,6.0670575454082735e-05
33,Netherlands,Sweden,3,0,0.05828684457929862
33,Netherlands,Sweden,3,1,0.050010112649038214
33,Netherlands,Sweden,3,2,0.021454338326437398
33,Netherlands,Sweden,3,3,0.006135940761361095
33,Netherlands,Sweden,3,4,0.0013161592933119551
33,Netherlands,Sweden,3,5,0.00022585293473233154
33,Netherlands,Sweden,3,6,3.229696966672338e-05
33,Netherlands,Sweden,4,0,0.023271022698284967
33,Netherlands,Sweden,4,1,0.019966537475128502
33,Netherlands,Sweden,4,2,0.008565644576830128
33,Netherlands,Sweden,4,3,0.002449774348973416
33,Netherlands,Sweden,4,4,0.0005254765978547979
33,Netherlands,Sweden,4,5,9.017178419188333e-05
33,Netherlands,Sweden,4,6,1.2894565139439305e-05
33,Netherlands,Sweden,5,0,0.007432764649832217
33,Netherlands,Sweden,5,1,0.006377312069556042
33,Netherlands,Sweden,5,2,0.002735866877839542
33,Netherlands,Sweden,5,3,0.000782457927062109
33,Netherlands,Sweden,5,4,0.00016783722535482242
33,Netherlands,Sweden,5,5,2.880086787088753e-05
33,Netherlands,Sweden,5,6,4.118524105536913e-06
33,Netherlands,Sweden,6,0,0.0019783541909636766
33,Netherlands,Sweden,6,1,0.0016974278958468345
33,Netherlands,Sweden,6,2,0.000728196567318292
33,Netherlands,Sweden,6,3,0.0002082642182530315
33,Netherlands,Sweden,6,4,4.467267481527527e-05
33,Netherlands,Sweden,6,5,7.665830998301237e-06
33,Netherlands,Sweden,6,6,1.096213832757076e-06
34,Tunisia,Japan,0,0,0.07265740261048441
34,Tunisia,Japan,0,1,0.13652325950510022
34,Tunisia,Japan,0,2,0.12826360230504166
34,Tunisia,Japan,0,3,0.08033576957705776
34,Tunisia,Japan,0,4,0.037737727758822885
34,Tunisia,Japan,0,5,0.01418183809176564
34,Tunisia,Japan,0,6,0.0044412789624046056
34,Tunisia,Japan,1,0,0.05398445013958992
34,Tunisia,Japan,1,1,0.10143678181228946
34,Tunisia,Japan,1,2,0.09529985651264594
34,Tunisia,Japan,1,3,0.05968947679575391
34,Tunisia,Japan,1,4,0.0280391317248054
34,Tunisia,Japan,1,5,0.010537105702181871
34,Tunisia,Japan,1,6,0.0032998702690666217
34,Tunisia,Japan,2,0,0.020055223226857655
34,Tunisia,Japan,2,1,0.03768376444326554
34,Tunisia,Japan,2,2,0.03540389669444797
34,Tunisia,Japan,2,3,0.022174640629622582
34,Tunisia,Japan,2,4,0.010416537435765207
34,Tunisia,Japan,2,5,0.003914534768360565
34,Tunisia,Japan,2,6,0.00122590180495825
34,Tunisia,Japan,3,0,0.004967010285851746
34,Tunisia,Japan,3,1,0.009333012327115432
34,Tunisia,Japan,3,2,0.008768365081324947
34,Tunisia,Japan,3,3,0.005491919329269859
34,Tunisia,Japan,3,4,0.002579829104924516
34,Tunisia,Japan,3,5,0.0009694997776306334
34,Tunisia,Japan,3,6,0.00030361501369465996
34,Tunisia,Japan,4,0,0.000922622160596961
34,Tunisia,Japan,4,1,0.0017336070397616899
34,Tunisia,Japan,4,2,0.0016287238138561076
34,Tunisia,Japan,4,3,0.0010201240154118754
34,Tunisia,Japan,4,4,0.0004792032562397285
34,Tunisia,Japan,4,5,0.00018008458369488998
34,Tunisia,Japan,4,6,5.639648879378304e-05
34,Tunisia,Japan,5,0,0.00013710165306470855
34,Tunisia,Japan,5,1,0.0002576140061085874
34,Tunisia,Japan,5,2,0.00024202835873901786
34,Tunisia,Japan,5,3,0.00015159042869020487
34,Tunisia,Japan,5,4,7.120960387722373e-05
34,Tunisia,Japan,5,5,2.676056913706068e-05
34,Tunisia,Japan,5,6,8.380518234756167e-06
34,Tunisia,Japan,6,0,1.6977754704513057e-05
34,Tunisia,Japan,6,1,3.190120108978004e-05
34,Tunisia,Japan,6,2,2.9971178423848343e-05
34,Tunisia,Japan,6,3,1.8771948086137013e-05
34,Tunisia,Japan,6,4,8.818122613462861e-06
34,Tunisia,Japan,6,5,3.313850478139344e-06
34,Tunisia,Japan,6,6,1.0377875080706377e-06
39,Belgium,Iran,0,0,0.09218111461870225
39,Belgium,Iran,0,1,0.09015313009709079
39,Belgium,Iran,0,2,0.0440848806174774
39,Belgium,Iran,0,3,0.014371671081297633
39,Belgium,Iran,0,4,0.0035138735793772695
39,Belgium,Iran,0,5,0.0006873136721261943
39,Belgium,Iran,0,6,0.00011203212855656969
39,Belgium,Iran,1,0,0.12960664715389536
39,Belgium,Iran,1,1,0.12675530091650963
39,Belgium,Iran,1,2,0.06198334214817323
39,Belgium,Iran,1,3,0.02020656954030447
39,Belgium,Iran,1,4,0.004940506252604441
39,Belgium,Iran,1,5,0.000966363023009429
39,Belgium,Iran,1,6,0.00015751717275053697
39,Belgium,Iran,2,0,0.09111347294918842
39,Belgium,Iran,2,1,0.08910897654430627
39,Belgium,Iran,2,2,0.043574289530165775
39,Belgium,Iran,2,3,0.014205218386834039
39,Belgium,Iran,2,4,0.0034731758955809213
39,Belgium,Iran,2,5,0.0006793532051756285
39,Belgium,Iran,2,6,0.00011073457244362747
39,Belgium,Iran,3,0,0.042701847655519626
39,Belgium,Iran,3,1,0.04176240700709819
39,Belgium,Iran,3,2,0.02042181702647102
39,Belgium,Iran,3,3,0.006657512350629551
39,Belgium,Iran,3,4,0.0016277617697289246
39,Belgium,Iran,3,5,0.0003183902021589778
39,Belgium,Iran,3,6,5.1897602951913395e-05
39,Belgium,Iran,4,0,0.015009699450915154
39,Belgium,Iran,4,1,0.01467948606299502
39,Belgium,Iran,4,2,0.007178268684804566
39,Belgium,Iran,4,3,0.0023401155912462883
39,Belgium,Iran,4,4,0.0005721582620597172
39,Belgium,Iran,4,5,0.00011191415605888074
39,Belgium,Iran,4,6,1.8242007437597565e-05
39,Belgium,Iran,5,0,0.004220727485597342
39,Belgium,Iran,5,1,0.004127871480914201
39,Belgium,Iran,5,2,0.0020185291541670444
39,Belgium,Iran,5,3,0.0006580405042584564
39,Belgium,Iran,5,4,0.00016089090329119254
39,Belgium,Iran,5,5,3.147026068375728e-05
39,Belgium,Iran,5,6,5.129652491452437e-06
39,Belgium,Iran,6,0,0.000989057140791643
39,Belgium,Iran,6,1,0.0009672978836942269
39,Belgium,Iran,6,2,0.00047300866512647703
39,Belgium,Iran,6,3,0.00015420082483123148
39,Belgium,Iran,6,4,3.7702101671236086e-05
39,Belgium,Iran,6,5,7.374531086893782e-06
39,Belgium,Iran,6,6,1.2020485671636866e-06
40,New Zealand,Egypt,0,0,0.09338729227656731
40,New Zealand,Egypt,0,1,0.12401832414328141
40,New Zealand,Egypt,0,2,0.08234816723113887
40,New Zealand,Egypt,0,3,0.03645278869431748
40,New Zealand,Egypt,0,4,0.012102325846513402
40,New Zealand,Egypt,0,5,0.0032143777448339593
40,New Zealand,Egypt,0,6,0.0007114489408565827
40,New Zealand,Egypt,1,0,0.09740294584445972
40,New Zealand,Egypt,1,1,0.12935111208144254
40,New Zealand,Egypt,1,2,0.08588913842207785
40,New Zealand,Egypt,1,3,0.03802025860817314
40,New Zealand,Egypt,1,4,0.01262272585791348
40,New Zealand,Egypt,1,5,0.0033525959878618196
40,New Zealand,Egypt,1,6,0.0007420412453134159
40,New Zealand,Egypt,2,0,0.05079563625788573
40,New Zealand,Egypt,2,1,0.06745660495047226
40,New Zealand,Egypt,2,2,0.04479118568711359
40,New Zealand,Egypt,2,3,0.019827564864162286
40,New Zealand,Egypt,2,4,0.006582751534901878
40,New Zealand,Egypt,2,5,0.0017483788076699386
40,New Zealand,Egypt,2,6,0.0003869745094309463
40,New Zealand,Egypt,3,0,0.017659949538991606
40,New Zealand,Egypt,3,1,0.023452412987780856
40,New Zealand,Egypt,3,2,0.015572402223886488
40,New Zealand,Egypt,3,3,0.006893383384440421
40,New Zealand,Egypt,3,4,0.0022886032836342196
40,New Zealand,Egypt,3,5,0.0006078530321332486
40,New Zealand,Egypt,3,6,0.00013453813777882564
40,New Zealand,Egypt,4,0,0.004604831842292058
40,New Zealand,Egypt,4,1,0.006115216686563854
40,New Zealand,Egypt,4,2,0.004060503879878399
40,New Zealand,Egypt,4,3,0.0017974497174928386
40,New Zealand,Egypt,4,4,0.0005967533062076224
40,New Zealand,Egypt,4,5,0.0001584976781287445
40,New Zealand,Egypt,4,6,3.508081942582877e-05
40,New Zealand,Egypt,5,0,0.0009605679223021237
40,New Zealand,Egypt,5,1,0.0012756342008172206
40,New Zealand,Egypt,5,2,0.0008470211093426345
40,New Zealand,Egypt,5,3,0.0003749480110690063
40,New Zealand,Egypt,5,4,0.00012448273967491009
40,New Zealand,Egypt,5,5,3.306261565765611e-05
40,New Zealand,Egypt,5,6,7.317858932227884e-06
40,New Zealand,Egypt,6,0,0.0001669787238268525
40,New Zealand,Egypt,6,1,0.00022174774524206018
40,New Zealand,Egypt,6,2,0.00014724050284072797
40,New Zealand,Egypt,6,3,6.517846259082893e-05
40,New Zealand,Egypt,6,4,2.1639249580155202e-05
40,New Zealand,Egypt,6,5,5.7473846884892206e-06
40,New Zealand,Egypt,6,6,1.2720878110522806e-06
45,Spain,Saudi Arabia,0,0,0.033574111502189356
45,Spain,Saudi Arabia,0,1,0.015444091291007106
45,Spain,Saudi Arabia,0,2,0.003552140996931634
45,Spain,Saudi Arabia,0,3,0.0005446616195295173
45,Spain,Saudi Arabia,0,4,6.263608624589451e-05
45,Spain,Saudi Arabia,0,5,5.762519934622293e-06
45,Spain,Saudi Arabia,0,6,4.417931949877084e-07
45,Spain,Saudi Arabia,1,0,0.09850644314742357
45,Spain,Saudi Arabia,1,1,0.04531296384781485
45,Spain,Saudi Arabia,1,2,0.010421981684997415
45,Spain,Saudi Arabia,1,3,0.0015980371916996042
45,Spain,Saudi Arabia,1,4,0.00018377427704545452
45,Spain,Saudi Arabia,1,5,1.6907233488181808e-05
45,Spain,Saudi Arabia,1,6,1.2962212340939367e-06
45,Spain,Saudi Arabia,2,0,0.14450895209727038
45,Spain,Saudi Arabia,2,1,0.06647411796474438
45,Spain,Saudi Arabia,2,2,0.015289047131891208
45,Spain,Saudi Arabia,2,3,0.002344320560223319
45,Spain,Saudi Arabia,2,4,0.0002695968644256818
45,Spain,Saudi Arabia,2,5,2.4802911527162714e-05
45,Spain,Saudi Arabia,2,6,1.901556550415805e-06
45,Spain,Saudi Arabia,3,0,0.14132975515113047
45,Spain,Saudi Arabia,3,1,0.06501168736952002
45,Spain,Saudi Arabia,3,2,0.014952688094989605
45,Spain,Saudi Arabia,3,3,0.0022927455078984066
45,Spain,Saudi Arabia,3,4,0.00026366573340831683
45,Spain,Saudi Arabia,3,5,2.4257247473565137e-05
45,Spain,Saudi Arabia,3,6,1.8597223063066577e-06
45,Spain,Saudi Arabia,4,0,0.10366537540335419
45,Spain,Saudi Arabia,4,1,0.04768607268554293
45,Spain,Saudi Arabia,4,2,0.010967796717674875
45,Spain,Saudi Arabia,4,3,0.001681728830043481
45,Spain,Saudi Arabia,4,4,0.00019339881545500038
45,Spain,Saudi Arabia,4,5,1.779269102186003e-05
45,Spain,Saudi Arabia,4,6,1.3641063116759333e-06
45,Spain,Saudi Arabia,5,0,0.06083084228668825
45,Spain,Saudi Arabia,5,1,0.0279821874518766
45,Spain,Saudi Arabia,5,2,0.006435903113931617
45,Spain,Saudi Arabia,5,3,0.000986838477469515
45,Spain,Saudi Arabia,5,4,0.00011348642490899425
45,Spain,Saudi Arabia,5,5,1.0440751091627467e-05
45,Spain,Saudi Arabia,5,6,8.004575836914378e-07
45,Spain,Saudi Arabia,6,0,0.029746281878190547
45,Spain,Saudi Arabia,6,1,0.013683289663967655
45,Spain,Saudi Arabia,6,2,0.0031471566227125602
45,Spain,Saudi Arabia,6,3,0.0004825640154825927
45,Spain,Saudi Arabia,6,4,5.549486178049817e-05
45,Spain,Saudi Arabia,6,5,5.10552728380583e-06
45,Spain,Saudi Arabia,6,6,3.91423758425113e-07
46,Uruguay,Cape Verde,0,0,0.07449673351456076
46,Uruguay,Cape Verde,0,1,0.054606105666173035
46,Uruguay,Cape Verde,0,2,0.020013137726652416
46,Uruguay,Cape Verde,0,3,0.004889876651212072
46,Uruguay,Cape Verde,0,4,0.0008960698963346124
46,Uruguay,Cape Verde,0,5,0.0001313638468026543
46,Uruguay,Cape Verde,0,6,1.6048283284390913e-05
46,Uruguay,Cape Verde,1,0,0.13886191127114128
46,Uruguay,Cape Verde,1,1,0.10178578096174655
46,Uruguay,Cape Verde,1,2,0.03730448872248011
46,Uruguay,Cape Verde,1,3,0.009114730077859304
46,Uruguay,Cape Verde,1,4,0.0016702742867677179
46,Uruguay,Cape Verde,1,5,0.0002448622104401476
46,Uruguay,Cape Verde,1,6,2.991400004210466e-05
46,Uruguay,Cape Verde,2,0,0.1294193013047037
46,Uruguay,Cape Verde,2,1,0.0948643478563478
46,Uruguay,Cape Verde,2,2,0.034767783489351466
46,Uruguay,Cape Verde,2,3,0.008494928432564872
46,Uruguay,Cape Verde,2,4,0.0015566956352675134
46,Uruguay,Cape Verde,2,5,0.00022821158013021763
46,Uruguay,Cape Verde,2,6,2.787984803924155e-05
46,Uruguay,Cape Verde,3,0,0.08041252587732256
46,Uruguay,Cape Verde,3,1,0.05894238146807744
46,Uruguay,Cape Verde,3,2,0.02160238280805038
46,Uruguay,Cape Verde,3,3,0.005278182199433641
46,Uruguay,Cape Verde,3,4,0.000967226888046215
46,Uruguay,Cape Verde,3,5,0.00014179546178757523
46,Uruguay,Cape Verde,3,6,1.732267891504875e-05
46,Uruguay,Cape Verde,4,0,0.037472237058832306
46,Uruguay,Cape Verde,4,1,0.02746714976412408
46,Uruguay,Cape Verde,4,2,0.010066710388551474
46,Uruguay,Cape Verde,4,3,0.002459632904936076
46,Uruguay,Cape Verde,4,4,0.0004507277298295361
46,Uruguay,Cape Verde,4,5,6.607668519301005e-05
46,Uruguay,Cape Verde,4,6,8.072368374412717e-06
46,Uruguay,Cape Verde,5,0,0.013969649975532695
46,Uruguay,Cape Verde,5,1,0.010239753432065466
46,Uruguay,Cape Verde,5,2,0.003752869632851993
46,Uruguay,Cape Verde,5,3,0.0009169511469601699
46,Uruguay,Cape Verde,5,4,0.0001680312976804512
46,Uruguay,Cape Verde,5,5,2.4633388239954165e-05
46,Uruguay,Cape Verde,5,6,3.0093789299810633e-06
46,Uruguay,Cape Verde,6,0,0.004339904592398822
46,Uruguay,Cape Verde,6,1,0.003181150066228337
46,Uruguay,Cape Verde,6,2,0.0011658914992726853
46,Uruguay,Cape Verde,6,3,0.00028486615632229267
46,Uruguay,Cape Verde,6,4,5.2201723146060154e-05
46,Uruguay,Cape Verde,6,5,7.652772613212423e-06
46,Uruguay,Cape Verde,6,6,9.349137209141166e-07
51,France,Iraq,0,0,0.04015533382362402
51,France,Iraq,0,1,0.01999735624416476
51,France,Iraq,0,2,0.004979341704797025
51,France,Iraq,0,3,0.0008265707229963059
51,France,Iraq,0,4,0.00010290805501304007
51,France,Iraq,0,5,1.0249642279298802e-05
51,France,Iraq,0,6,8.507203091817995e-07
51,France,Iraq,1,0,0.10910204199878647
51,France,Iraq,1,1,0.054332816915395654
51,France,Iraq,1,2,0.01352887141193352
51,France,Iraq,1,3,0.002245792654380964
51,France,Iraq,1,4,0.00027960118547042996
51,France,Iraq,1,5,2.7848278072854848e-05
51,France,Iraq,1,6,2.3114070800469496e-06
51,France,Iraq,2,0,0.14821512405535142
51,France,Iraq,2,1,0.073811131779565
51,France,Iraq,2,2,0.01837897181311169
51,France,Iraq,2,3,0.0030509093209765393
51,France,Iraq,2,4,0.0003798382104615791
51,France,Iraq,2,5,3.7831885761973314e-05
51,France,Iraq,2,6,3.140046518243781e-06
51,France,Iraq,3,0,0.13423349735279658
51,France,Iraq,3,1,0.0668482816816927
51,France,Iraq,3,2,0.01664522213874148
51,France,Iraq,3,3,0.0027631068750310853
51,France,Iraq,3,4,0.00034400680594137006
51,France,Iraq,3,5,3.426307787176049e-05
51,France,Iraq,3,6,2.8438354633561174e-06
51,France,Iraq,4,0,0.09117810307688708
51,France,Iraq,4,1,0.04540669533228976
51,France,Iraq,4,2,0.011306267137740153
51,France,Iraq,4,3,0.0018768403448648646
51,France,Iraq,4,4,0.0002336666229356756
51,France,Iraq,4,5,2.3273195644393314e-05
51,France,Iraq,4,6,1.9316752384846424e-06
51,France,Iraq,5,0,0.04954618121198046
51,France,Iraq,5,1,0.024673998243566267
51,France,Iraq,5,2,0.0061438255626480014
51,France,Iraq,5,3,0.001019875043399568
51,France,Iraq,5,4,0.0001269744429032462
51,France,Iraq,5,5,1.2646654513163332e-05
51,France,Iraq,5,6,1.0496723245925553e-06
51,France,Iraq,6,0,0.02243616239215847
51,France,Iraq,6,1,0.011173208871294917
51,France,Iraq,6,2,0.0027821290089524347
51,France,Iraq,6,3,0.00046183341548610405
51,France,Iraq,6,4,5.749826022801994e-05
51,France,Iraq,6,5,5.726826718710792e-06
51,France,Iraq,6,6,4.7532661765299513e-07
52,Norway,Senegal,0,0,0.0845848590015647
52,Norway,Senegal,0,1,0.07113586642031591
52,Norway,Senegal,0,2,0.029912631829742846
52,Norway,Senegal,0,3,0.008385507789604577
52,Norway,Senegal,0,4,0.001763053012764361
52,Norway,Senegal,0,5,0.00029654551674696564
52,Norway,Senegal,0,6,4.156579659736636e-05
52,Norway,Senegal,1,0,0.13778873531354893
52,Norway,Senegal,1,1,0.11588032639869464
52,Norway,Senegal,1,2,0.0487276772506511
52,Norway,Senegal,1,3,0.013659992189265857
52,Norway,Senegal,1,4,0.0028720133577931446
52,Norway,Senegal,1,5,0.0004830726467808071
52,Norway,Senegal,1,6,6.77106826571098e-05
52,Norway,Senegal,2,0,0.11222892491288558
52,Norway,Senegal,2,1,0.09438452585173678
52,Norway,Senegal,2,2,0.039688693120655316
52,Norway,Senegal,2,3,0.01112606363815704
52,Norway,Senegal,2,4,0.002339254879922516
52,Norway,Senegal,2,5,0.00039346267080296734
52,Norway,Senegal,2,6,5.5150351024215926e-05
52,Norway,Senegal,3,0,0.060940306227696875
52,Norway,Senegal,3,1,0.05125079753749307
52,Norway,Senegal,3,2,0.02155096036451584
52,Norway,Senegal,3,3,0.006041452555519273
52,Norway,Senegal,3,4,0.0012702153997979262
52,Norway,Senegal,3,5,0.0002136502302460113
52,Norway,Senegal,3,6,2.994664060614925e-05
52,Norway,Senegal,4,0,0.024817939711229555
52,Norway,Senegal,4,1,0.020871887297144058
52,Norway,Senegal,4,2,0.008776628608449076
52,Norway,Senegal,4,3,0.0024603815532352243
52,Norway,Senegal,4,4,0.0005172952215677056
52,Norway,Senegal,4,5,8.70090562676881e-05
52,Norway,Senegal,4,6,1.2195769386854283e-05
52,Norway,Senegal,5,0,0.008085684757918592
52,Norway,Senegal,5,1,0.006800060881409535
52,Norway,Senegal,5,2,0.00285942560063271
52,Norway,Senegal,5,3,0.0008015923100440362
52,Norway,Senegal,5,4,0.0001685347831867585
52,Norway,Senegal,5,5,2.834755053201279e-05
52,Norway,Senegal,5,6,3.973381666237126e-06
52,Norway,Senegal,6,0,0.002195263411774897
52,Norway,Senegal,6,1,0.0018462165293026884
52,Norway,Senegal,6,2,0.0007763340505717805
52,Norway,Senegal,6,3,0.00021763231217695577
52,Norway,Senegal,6,4,4.575719363520492e-05
52,Norway,Senegal,6,5,7.69635996944147e-06
52,Norway,Senegal,6,6,1.0787731223833797e-06
57,Argentina,Austria,0,0,0.06740743200542809
57,Argentina,Austria,0,1,0.04543260917165855
57,Argentina,Austria,0,2,0.015310789290848933
57,Argentina,Austria,0,3,0.0034398239940107264
57,Argentina,Austria,0,4,0.0005796103429908072
57,Argentina,Austria,0,5,7.813147423516081e-05
57,Argentina,Austria,0,6,8.776768939083063e-06
57,Argentina,Austria,1,0,0.13636523494698102
57,Argentina,Austria,1,1,0.09191016835426523
57,Argentina,Austria,1,2,0.03097372673538739
57,Argentina,Austria,1,3,0.006958763939883699
57,Argentina,Austria,1,4,0.0011725517238704028
57,Argentina,Austria,1,5,0.0001580599723777303
57,Argentina,Austria,1,6,1.7755403563765032e-05
57,Argentina,Austria,2,0,0.13793343514887133
57,Argentina,Austria,2,1,0.09296713529033929
57,Argentina,Austria,2,2,0.031329924592844345
57,Argentina,Austria,2,3,0.007038789725192362
57,Argentina,Austria,2,4,0.0011860360686949125
57,Argentina,Austria,2,5,0.00015987766206007422
57,Argentina,Austria,2,6,1.7959590704748332e-05
57,Argentina,Austria,3,0,0.09301311310205558
57,Argentina,Austria,3,1,0.06269083823078547
57,Argentina,Austria,3,2,0.02112681248377471
57,Argentina,Austria,3,3,0.004746490538021384
57,Argentina,Austria,3,4,0.000799783655656603
57,Argentina,Austria,3,5,0.00010781083678251008
57,Argentina,Austria,3,6,1.2110750665235295e-05
57,Argentina,Austria,4,0,0.04704138195136461
57,Argentina,Austria,4,1,0.031705891435219756
57,Argentina,Austria,4,2,0.010684885413669059
57,Argentina,Austria,4,3,0.0024005375896043154
57,Argentina,Austria,4,4,0.00040449058384832697
57,Argentina,Austria,4,5,5.452533070275447e-05
57,Argentina,Austria,4,6,6.1250121489427505e-06
57,Argentina,Austria,5,0,0.01903294313752213
57,Argentina,Austria,5,1,0.012828203674689918
57,Argentina,Austria,5,2,0.0043231046383705035
57,Argentina,Austria,5,3,0.0009712575087539063
57,Argentina,Austria,5,4,0.00016365689022503316
57,Argentina,Austria,5,5,2.206094880233447e-05
57,Argentina,Austria,5,6,2.478179915462238e-06
57,Argentina,Austria,6,0,0.006417273994534539
57,Argentina,Austria,6,1,0.004325242672316281
57,Argentina,Austria,6,2,0.0014576067805705869
57,Argentina,Austria,6,3,0.00032747565670152517
57,Argentina,Austria,6,4,5.517964815420696e-05
57,Argentina,Austria,6,5,7.438216571187099e-06
57,Argentina,Austria,6,6,8.355596614966839e-07
58,Jordan,Algeria,0,0,0.09080871661680201
58,Jordan,Algeria,0,1,0.12958403861217646
58,Jordan,Algeria,0,2,0.09245821154978791
58,Jordan,Algeria,0,3,0.04397928929384911
58,Jordan,Algeria,0,4,0.015689611455580673
58,Jordan,Algeria,0,5,0.004477815109422725
58,Jordan,Algeria,0,6,0.0010649736935243713
58,Jordan,Algeria,1,0,0.08826607255153154
58,Jordan,Algeria,1,1,0.1259556855310355
58,Jordan,Algeria,1,2,0.08986938162639384
58,Jordan,Algeria,1,3,0.042747869193621335
58,Jordan,Algeria,1,4,0.015250302334824412
58,Jordan,Algeria,1,5,0.004352436286358888
58,Jordan,Algeria,1,6,0.0010351544301056886
58,Jordan,Algeria,2,0,0.04289731126004433
58,Jordan,Algeria,2,1,0.06121446316808326
58,Jordan,Algeria,2,2,0.0436765194704274
58,Jordan,Algeria,2,3,0.020775464428099966
58,Jordan,Algeria,2,4,0.007411646934724664
58,Jordan,Algeria,2,5,0.00211528403517042
58,Jordan,Algeria,2,6,0.0005030850530313647
58,Jordan,Algeria,3,0,0.01389872884825436
58,Jordan,Algeria,3,1,0.019833486066458975
58,Jordan,Algeria,3,2,0.014151192308418476
58,Jordan,Algeria,3,3,0.006731250474704389
58,Jordan,Algeria,3,4,0.002401373606850791
58,Jordan,Algeria,3,5,0.0006853520273952158
58,Jordan,Algeria,3,6,0.00016299955718216213
58,Jordan,Algeria,4,0,0.0033773911101258095
58,Jordan,Algeria,4,1,0.004819537114149531
58,Jordan,Algeria,4,2,0.0034387397309456904
58,Jordan,Algeria,4,3,0.0016356938653531664
58,Jordan,Algeria,4,4,0.0005835337864647422
58,Jordan,Algeria,4,5,0.00016654054265703746
58,Jordan,Algeria,4,6,3.96088923952654e-05
58,Jordan,Algeria,5,0,0.0006565648318084575
58,Jordan,Algeria,5,1,0.0009369180149906689
58,Jordan,Algeria,5,2,0.0006684910036958423
58,Jordan,Algeria,5,3,0.0003179788874246556
58,Jordan,Algeria,5,4,0.0001134389680887459
58,Jordan,Algeria,5,5,3.2375481492528087e-05
58,Jordan,Algeria,5,6,7.699968681639595e-06
58,Jordan,Algeria,6,0,0.00010636350275297009
58,Jordan,Algeria,6,1,0.00015178071842848832
58,Jordan,Algeria,6,2,0.00010829554259872641
58,Jordan,Algeria,6,3,5.1512579762794194e-05
58,Jordan,Algeria,6,4,1.837711283037683e-05
58,Jordan,Algeria,6,5,5.244828001789549e-06
58,Jordan,Algeria,6,6,1.247394926425614e-06
63,Portugal,Uzbekistan,0,0,0.07509509764793879
63,Portugal,Uzbekistan,0,1,0.05534508696653088
63,Portugal,Uzbekistan,0,2,0.020394664547166628
63,Portugal,Uzbekistan,0,3,0.0050102892570872675
63,Portugal,Uzbekistan,0,4,0.0009231457956183288
63,Portugal,Uzbekistan,0,5,0.00013607169027414178
63,Portugal,Uzbekistan,0,6,1.671413928867374e-05
63,Portugal,Uzbekistan,1,0,0.13907612084398266
63,Portugal,Uzbekistan,1,1,0.10249910106201521
63,Portugal,Uzbekistan,1,2,0.0377709187413526
63,Portugal,Uzbekistan,1,3,0.00927905570412562
63,Portugal,Uzbekistan,1,4,0.0017096660134851454
63,Portugal,Uzbekistan,1,5,0.0002520047703877106
63,Portugal,Uzbekistan,1,6,3.0954585962623775e-05
63,Portugal,Uzbekistan,2,0,0.12878448790152794
63,Portugal,Uzbekistan,2,1,0.09491416758342608
63,Portugal,Uzbekistan,2,2,0.03497587075449251
63,Portugal,Uzbekistan,2,3,0.008592405582020323
63,Portugal,Uzbekistan,2,4,0.0015831507284872445
63,Portugal,Uzbekistan,2,5,0.00023335641737902
63,Portugal,Uzbekistan,2,6,2.8663946601389612e-05
63,Portugal,Uzbekistan,3,0,0.07950295719787662
63,Portugal,Uzbekistan,3,1,0.058593679454835054
63,Portugal,Uzbekistan,3,2,0.021591770879106718
63,Portugal,Uzbekistan,3,3,0.005304378379300549
63,Portugal,Uzbekistan,3,4,0.0009773317163861259
63,Portugal,Uzbekistan,3,5,0.00014405869499531506
63,Portugal,Uzbekistan,3,6,1.769520970192453e-05
63,Portugal,Uzbekistan,4,0,0.036809869182616854
63,Portugal,Uzbekistan,4,1,0.027128873587588618
63,Portugal,Uzbekistan,4,2,0.009996989917026406
63,Portugal,Uzbekistan,4,3,0.002455927189616153
63,Portugal,Uzbekistan,4,4,0.00045250458468677616
63,Portugal,Uzbekistan,4,5,6.669917578283086e-05
63,Portugal,Uzbekistan,4,6,8.192882091991054e-06
63,Portugal,Uzbekistan,5,0,0.013634375545241287
63,Portugal,Uzbekistan,5,1,0.010048534776842826
63,Portugal,Uzbekistan,5,2,0.0037028850652665816
63,Portugal,Uzbekistan,5,3,0.0009096754310338233
63,Portugal,Uzbekistan,5,4,0.00016760769816798193
63,Portugal,Uzbekistan,5,5,2.4705374709960554e-05
63,Portugal,Uzbekistan,5,6,3.034643526873487e-06
63,Portugal,Uzbekistan,6,0,0.004208477251631144
63,Portugal,Uzbekistan,6,1,0.0031016477344521527
63,Portugal,Uzbekistan,6,2,0.0011429571901456182
63,Portugal,Uzbekistan,6,3,0.00028078648304577346
63,Portugal,Uzbekistan,6,4,5.173490950118375e-05
63,Portugal,Uzbekistan,6,5,7.625725660474491e-06
63,Portugal,Uzbekistan,6,6,9.366933019616163e-07
64,Colombia,DR Congo,0,0,0.07121868964471159
64,Colombia,DR Congo,0,1,0.05020917619952167
64,Colombia,DR Congo,0,2,0.01769873461033139
64,Colombia,DR Congo,0,3,0.004159202633427876
64,Colombia,DR Congo,0,4,0.0007330594641416631
64,Colombia,DR Congo,0,5,0.00010336138444397453
64,Colombia,DR Congo,0,6,1.2144962672166998e-05
64,Colombia,DR Congo,1,0,0.13795060184180638
64,Colombia,DR Congo,1,1,0.09725517429847348
64,Colombia,DR Congo,1,2,0.0342824489402119
64,Colombia,DR Congo,1,3,0.008056375500949797
64,Colombia,DR Congo,1,4,0.0014199361820424015
64,Colombia,DR Congo,1,5,0.0002002110016679787
64,Colombia,DR Congo,1,6,2.3524792695987478e-05
64,Colombia,DR Congo,2,0,0.1336051578837895
64,Colombia,DR Congo,2,1,0.09419163630807159
64,Colombia,DR Congo,2,2,0.033202551798595235
64,Colombia,DR Congo,2,3,0.007802599672669879
64,Colombia,DR Congo,2,4,0.0013752081923080661
64,Colombia,DR Congo,2,5,0.00019390435511543741
64,Colombia,DR Congo,2,6,2.2783761726063876e-05
64,Colombia,DR Congo,3,0,0.08626439694030008
64,Colombia,DR Congo,3,1,0.060816399842911546
64,Colombia,DR Congo,3,2,0.02143778094462632
64,Colombia,DR Congo,3,3,0.005037878521987184
64,Colombia,DR Congo,3,4,0.0008879260895002412
64,Colombia,DR Congo,3,5,0.00012519757861953406
64,Colombia,DR Congo,3,6,1.471071548779524e-05
64,Colombia,DR Congo,4,0,0.04177353421834032
64,Colombia,DR Congo,4,1,0.029450341623929923
64,Colombia,DR Congo,4,2,0.010381245422435298
64,Colombia,DR Congo,4,3,0.0024395926742722947
64,Colombia,DR Congo,4,4,0.0004299782088404919
64,Colombia,DR Congo,4,5,6.062692744650938e-05
64,Colombia,DR Congo,4,6,7.123663974964847e-06
64,Colombia,DR Congo,5,0,0.016183067156185036
64,Colombia,DR Congo,5,1,0.01140906234511045
64,Colombia,DR Congo,5,2,0.004021694476651434
64,Colombia,DR Congo,5,3,0.0009450982020130867
64,Colombia,DR Congo,5,4,0.00016657355810480653
64,Colombia,DR Congo,5,5,2.348687169277773e-05
64,Colombia,DR Congo,5,6,2.759707423901381e-06
64,Colombia,DR Congo,6,0,0.005224433513588404
64,Colombia,DR Congo,6,1,0.0036832256270798247
64,Colombia,DR Congo,6,2,0.0012983370335456382
64,Colombia,DR Congo,6,3,0.00030510920288322495
64,Colombia,DR Congo,6,4,5.377549700816839e-05
64,Colombia,DR Congo,6,5,7.5823450781517464e-06
64,Colombia,DR Congo,6,6,8.909255466828294e-07
69,England,Ghana,0,0,0.042809296159096344
69,England,Ghana,0,1,0.02196116892961642
69,England,Ghana,0,2,0.005633039830446614
69,England,Ghana,0,3,0.0009632498110063707
69,England,Ghana,0,4,0.000123536788261567
69,England,Ghana,0,5,1.2674874475636776e-05
69,England,Ghana,0,6,1.0837017676669432e-06
69,England,Ghana,1,0,0.11293092326769615
69,England,Ghana,1,1,0.057933563636328116
69,England,Ghana,1,2,0.014859959072718167
69,England,Ghana,1,3,0.002541053001434806
69,England,Ghana,1,4,0.0003258900474340138
69,England,Ghana,1,5,3.343631886672982e-05
69,England,Ghana,1,6,2.858805263105396e-06
69,England,Ghana,2,0,0.14895588779009122
69,England,Ghana,2,1,0.07641437043631678
69,England,Ghana,2,2,0.019600286016915262
69,England,Ghana,2,3,0.003351648908892509
69,England,Ghana,2,4,0.00042984897256546423
69,England,Ghana,2,5,4.4102504585216626e-05
69,England,Ghana,2,6,3.7707641420360172e-06
69,England,Ghana,3,0,0.13098187733008687
69,England,Ghana,3,1,0.06719370307033455
69,England,Ghana,3,2,0.01723518483754082
69,England,Ghana,3,3,0.002947216607219479
69,England,Ghana,3,4,0.00037798052987589813
69,England,Ghana,3,5,3.878080236526715e-05
69,England,Ghana,3,6,3.3157586022303375e-06
69,England,Ghana,4,0,0.0863825480991923
69,England,Ghana,4,1,0.04431424717488565
69,England,Ghana,4,2,0.01136660440035817
69,England,Ghana,4,3,0.0019436893524612468
69,England,Ghana,4,4,0.00024927815945315486
69,England,Ghana,4,5,2.5575939159893688e-05
69,England,Ghana,4,6,2.1867427981709077e-06
69,England,Ghana,5,0,0.04557543237713388
69,England,Ghana,5,1,0.023380196809469678
69,England,Ghana,5,2,0.005997020481628974
69,England,Ghana,5,3,0.0010254905023585543
69,England,Ghana,5,4,0.00013151915692748457
69,England,Ghana,5,5,1.3493865500759916e-05
69,England,Ghana,5,6,1.1537255003149716e-06
69,England,Ghana,6,0,0.020037998435146507
69,England,Ghana,6,1,0.010279493197230156
69,England,Ghana,6,2,0.0026366900050895357
69,England,Ghana,6,3,0.0004508739908703105
69,England,Ghana,6,4,5.782458932911732e-05
69,England,Ghana,6,5,5.932802865167436e-06
69,England,Ghana,6,6,5.072546449718152e-07
70,Panama,Croatia,0,0,0.08603509367298158
70,Panama,Croatia,0,1,0.1344728514108702
70,Panama,Croatia,0,2,0.10509053337759505
70,Panama,Croatia,0,3,0.054752167889727005
70,Panama,Croatia,0,4,0.02139440960291084
70,Panama,Croatia,0,5,0.006687892441869931
70,Panama,Croatia,0,6,0.0017421959811071157
70,Panama,Croatia,1,0,0.07657123336895359
70,Panama,Croatia,1,1,0.11968083775567447
70,Panama,Croatia,1,2,0.09353057470605958
70,Panama,Croatia,1,3,0.04872942942185703
70,Panama,Croatia,1,4,0.019041024546590644
70,Panama,Croatia,1,5,0.0059522242732642375
70,Panama,Croatia,1,6,0.0015505544231853327
70,Panama,Croatia,2,0,0.034074198849184355
70,Panama,Croatia,2,1,0.053257972801275144
70,Panama,Croatia,2,2,0.04162110574419652
70,Panama,Croatia,2,3,0.021684596092726383
70,Panama,Croatia,2,4,0.008473255923232838
70,Panama,Croatia,2,5,0.002648739801602586
70,Panama,Croatia,2,6,0.0006899967183174732
70,Panama,Croatia,3,0,0.01010867899192469
70,Panama,Croatia,3,1,0.01579986526437829
70,Panama,Croatia,3,2,0.012347594704111632
70,Panama,Croatia,3,3,0.006433096840842158
70,Panama,Croatia,3,4,0.0025137325905590746
70,Panama,Croatia,3,5,0.000785792807808767
70,Panama,Croatia,3,6,0.00020469902643418364
70,Panama,Croatia,4,0,0.002249181075703244
70,Panama,Croatia,4,1,0.0035154700213241696
70,Panama,Croatia,4,2,0.0027473398216648383
70,Panama,Croatia,4,3,0.0014313640470873803
70,Panama,Croatia,4,4,0.0005593055013993942
70,Panama,Croatia,4,5,0.0001748388997374507
70,Panama,Croatia,4,6,4.554553338160587e-05
70,Panama,Croatia,5,0,0.00040035423147517774
70,Panama,Croatia,5,1,0.0006257536637957028
70,Panama,Croatia,5,2,0.0004890264882563417
70,Panama,Croatia,5,3,0.00025478280038155395
70,Panama,Croatia,5,4,9.955637924909225e-05
70,Panama,Croatia,5,5,3.112132415326625e-05
70,Panama,Croatia,5,6,8.107104941925852e-06
70,Panama,Croatia,6,0,5.938587766881792e-05
70,Panama,Croatia,6,1,9.28201267963624e-05
70,Panama,Croatia,6,2,7.253892909135721e-05
70,Panama,Croatia,6,3,3.77927820565971e-05
70,Panama,Croatia,6,4,1.4767529588615323e-05
70,Panama,Croatia,6,5,4.616329749401152e-06
70,Panama,Croatia,6,6,1.2025538997189991e-06
